[
    {
        "alimento": "Alimento Um",
        "porcao": "colheres",
        "quantidade": "3",
        "icone":  "macan"
    },
    {
        "alimento": "Alimento Dois",
        "porcao": "goles",
        "quantidade": "2",
        "icone":  "macarrao"
    },
    {
        "alimento": "Alimento Três",
        "porcao": "xícara",
        "quantidade": "1",
        "icone":  "arroz"
    },
    {
        "alimento": "Alimento Quatro",
        "porcao": "colheres",
        "quantidade": "5",
        "icone":  "feijao"
    }
]