[
    {
        "alimento": "Purê de Maçã",
        "icone":  "macan",
        "carbo": "19",
        "porcao": " ",
        "gordura": " ",
        "calorias": "7",
        "fibra": " ",
        "doses": " ",
        "proteina": " ",
        "insulina": " "
        
    },
    {
        "alimento": "Macarrão",
        "icone":  "macarrao",
        "carbo": "22",
        "porcao": " ",
        "gordura": " ",
        "calorias": "1",
        "fibra": " ",
        "doses": " ",
        "proteina": " ",
        "insulina": " "
        
    },
    {
        "alimento": "Arroz",
        "icone":  "arroz",
        "carbo": "34",
        "porcao": " ",
        "gordura": " ",
        "calorias": "5",
        "fibra": " ",
        "doses": " ",
        "proteina": " ",
        "insulina": " "
        
    },
    {
        "alimento": "Feijão de Corda",
        "icone":  "feijao",
        "carbo": "12",
        "porcao": " ",
        "gordura": " ",
        "calorias": "3",
        "fibra": " ",
        "doses": " ",
        "proteina": " ",
        "insulina": " "
        
    }
]