[
    {
      "Nome": "Thiago - Medico",
      "NomeCompleto": "Thiago - Medico",
      "Senha": "123456",
      "QtdInsulinaPorGramaCarbo": 0,
      "Cpf": 0,
      "Crm": 123456,
      "Agendamentos": [],
      "Refeicoes": [],
      "senhaTemporaria": false,
      "Usuarios": [],
      "Email": "thiagonetorj@hotmail.com",
      "EmailConfirmed": false,
      "PasswordHash": "AJK2rwpWMFVUhnCWgOFUPD+ft5Vp7lPgJHHogUhSu7EqjhX65vGTHvYeajyfgIwjCg==",
      "SecurityStamp": "5c989868-9d63-4604-bea3-87ef159d09c6",
      "PhoneNumberConfirmed": false,
      "TwoFactorEnabled": false,
      "LockoutEnabled": false,
      "AccessFailedCount": 0,
      "Roles": [],
      "Claims": [],
      "Logins": [],
      "Id": 1,
      "UserName": "thiagonetorj@hotmail.com"
    },
    {
      "Nome": "Jussara - Paciente",
      "NomeCompleto": "Jussara - Paciente",
      "Senha": "123456",
      "QtdInsulinaPorGramaCarbo": 0,
      "Cpf": 14360327765,
      "Agendamentos": [],
      "Refeicoes": [],
      "senhaTemporaria": false,
      "Usuarios": [],
      "Email": "jussaracarvalho@gmail.com",
      "EmailConfirmed": false,
      "PasswordHash": "AC54Q2M11s1XkZlLGm4RiQdEH7nwFmJL8rGq47OuYSxD6GfqR8MrGw39jcRZqISjTw==",
      "SecurityStamp": "ab13db4e-67d0-4f9c-b1cf-b6c0ff78bc6f",
      "PhoneNumberConfirmed": false,
      "TwoFactorEnabled": false,
      "LockoutEnabled": false,
      "AccessFailedCount": 0,
      "Roles": [],
      "Claims": [],
      "Logins": [],
      "Id": 2,
      "UserName": "jussaracarvalho@gmail.com"
    }
  ]